{	
	"container": { 
		"component": {
			"goalDetails": [
				{"name": "Sorter A", "inductGoalPerDay" :20000, "inductGoalPerHour" :2000,
									 "sortsGoalPerDay" :20000, "sortsGoalPerHour" :1000},
				{"name": "Sorter B", "inductGoalPerDay" :20000, "inductGoalPerHour" :2000,
									 "sortsGoalPerDay" :10000, "sortsGoalPerHour" :1000},
				{"name": "Sorter C", "inductGoalPerDay" :20000, "inductGoalPerHour" :2000,
									 "sortsGoalPerDay" :10000, "sortsGoalPerHour" :1000}
			]
		}
	}
}

