{
	"title": "Inducts for the day",
	"container": { 
			"leftSegment":{
			"components": [
				{
						"type": "circular guage",
						"options": {
							"float": "left",
							"width": "99",
							"query": "query GetInductsForTheDay($startTime: Long!, $goalVal: Int, $sorterid: String!) { getUSSDataForLastXMins(startTime: $startTime, xMins: 1440, goalVal: $goalVal, duration:\"0-days\", sorterid:$sorterid) { inductsPercent } }",
							"guageBGColor": "#870038"								
						}
					}						
					]
			},
			"rightSegment":{
				"components": [
					{
							"type": "Goal",
							"options": {
								"float": "right",
								"width": "49",
								"query": "query GetInductsForTheDay($startTime: Long!, $goalVal: Int, $sorterid: String!) { getUSSDataForLastXMins(startTime: $startTime, xMins: 1440, goalVal: $goalVal, duration:\"0-days\", sorterid:$sorterid) { inducts } }",
								"goalFontColor": "#4ac576"								
							}					
					},
					{
							"type": "Line chart",
							"options": {
								"float": "right",
								"width": "49",
								"query": "query GetInductsForTheDay($startTime: Long!, $goalVal: Int, $sorterid: String!) { getUSSDataForLastXMins(startTime: $startTime, xMins: 1440, goalVal: $goalVal, duration:\"5-days\", sorterid:$sorterid) { inductsLastXDays{ inducts date } } }",
								"chartLabel": "Last 5 days",
								"chartBGColor": "#870038"								
							}					
					}
				]
			}			
		}
}



