{
	"container": { 
			"leftSegment":{
				"components": [
					{
						"type": "progressBar-inducts",
						"options": {
							"float": "left",
							"width": "33",
							"query": "query GetUnitSorterDetails($startTime: Long!) { getUnitSorterDetails(startTime: $startTime, xMins: 60) { sorterId inducts } }",
							"title": "Inducts for last hour"
						}
					},
					{
						"type": "progressBar-sorts",
						"options": {
							"float": "left",
							"width": "33",
							"query": "query GetUnitSorterDetails($startTime: Long!) { getUnitSorterDetails(startTime: $startTime, xMins: 60) { sorterId sorts } }",
							"title": "Sorts for last hour"
						}
					},
					{
						"type": "chuteDetails",
						"options": {
							"float": "left",
							"width": "33",
							"query": "query GetUnitSorterDetails($startTime: Long!) { getUnitSorterDetails(startTime: $startTime, xMins: 60) { sorterId assignedPercent fullCount } }",
							"title": "Chute Status",	
							"assigned": "Assigned",
							"full": "Full"							
						}
					},
					{
						"type": "sorterDetails",
						"options": {
							"query": "query GetUnitSorterDetails($startTime: Long!) { getUnitSorterDetails(startTime: $startTime, xMins: 60) { sorterId } }"							
						}
					}						
				]
			},
			"rightSegment":{
				"components": [
				
				]
			}			
		}
}



